Packet Number,Start Address,End Address,Size
0,40000,40EB7,EB8
1,40EB8,41DA2,EEB
2,41DA3,42C31,E8F
3,42C32,43A9F,E6E
4,43AA0,44838,D99
5,44839,455D6,D9E
6,455D7,46422,E4C
7,46423,472C1,E9F
8,472C2,4804E,D8D
9,4804F,48C46,BF8
A,48C47,48E32,1EC
B,48E33,49E44,1012
C,49E45,4AD55,F11
D,4AD56,4BD48,FF3
E,4BD49,4C703,9BB
F,4C704,4D3FE,CFB
10,4D3FF,4D944,546
11,4D945,4DB30,1EC
12,4DB31,4E881,D51
13,4E882,4F7AE,F2D
14,4F7AF,4FD71,5C3
15,4FD72,4FFFF,28E
16,50000,50EE7,EE8
17,50EE8,51E25,F3E
18,51E26,52E1B,FF6
19,52E1C,53CC8,EAD
1A,53CC9,54A9A,DD2
1B,54A9B,55A47,FAD
1C,55A48,565A4,B5D
1D,565A5,57150,BAC
1E,57151,57FFF,EAF
1F,58000,58B01,B02
20,58B02,58F59,458
21,58F5A,597F6,89D
22,597F7,59847,51
23,59848,598AB,64
24,598AC,059A55,1AA
